<?xml version="1.0" encoding="utf-8"?>
<edmx:Edmx Version="3.0" xmlns:edmx="http://schemas.microsoft.com/ado/2009/11/edmx">
 <!-- EF Designer content (DO NOT EDIT MANUALLY BELOW HERE) -->
  <edmx:Designer xmlns="http://schemas.microsoft.com/ado/2009/11/edmx">
    <!-- Diagram content (shape and connector positions) -->
    <edmx:Diagrams>
      <Diagram DiagramId="3782cd081ba044d8a42b4034f59db533" Name="Diagram1">
        <EntityTypeShape EntityType="LibaryDatabaseModel.Konyv" Width="1.5" PointX="0.75" PointY="1" IsExpanded="true" />
        <EntityTypeShape EntityType="LibaryDatabaseModel.Ugyfel" Width="1.5" PointX="0.75" PointY="4.875" IsExpanded="true" />
        <EntityTypeShape EntityType="LibaryDatabaseModel.Kolcsonze" Width="1.5" PointX="3" PointY="1" IsExpanded="true" />
        <AssociationConnector Association="LibaryDatabaseModel.kolcsonzes_fk2" ManuallyRouted="false" />
        <AssociationConnector Association="LibaryDatabaseModel.kolcsonzes_fk1" ManuallyRouted="false" />
      </Diagram>
    </edmx:Diagrams>
  </edmx:Designer>
</edmx:Edmx>